Nome do Produto;Categoria;Valor (R$);Quantidade;Código do Produto
Vestido Floral Verão;Brinquedos;932.8;43;PROD100000
Carrinho Controle Remoto;Livros;569.48;1;PROD100001
Camisa Social Branca;Alimentos;699.68;51;PROD100002
Camisa Social Branca;Livros;923.27;24;PROD100003
Tablet ProTab 10';Livros;710.17;99;PROD100004
Jaqueta Jeans Feminina;Vestuário;161.01;24;PROD100005
Lego City Polícia 600 peças;Alimentos;580.53;17;PROD100006
Jogo de Tabuleiro Monopoly;Alimentos;610.65;5;PROD100007
Smartphone Galaxy S22;Alimentos;429.89;20;PROD100008
Pacote de Arroz Integral 5kg;Livros;739.08;21;PROD100009
Chocolate Amargo 70% 100g;Brinquedos;935.02;58;PROD100010
Livro 'A Arte da Guerra' Sun Tzu;Alimentos;926.31;31;PROD100011
Camiseta Polo Azul;Livros;456.33;11;PROD100012
Tablet ProTab 10';Vestuário;122.11;52;PROD100013
Lego City Polícia 600 peças;Brinquedos;984.99;15;PROD100014
Jogo de Tabuleiro Monopoly;Vestuário;840.51;83;PROD100015
Vestido Floral Verão;Brinquedos;133.42;7;PROD100016
Pacote de Arroz Integral 5kg;Livros;921.63;28;PROD100017
Azeite de Oliva Extra Virgem 500ml;Eletrônicos;871.2;51;PROD100018
Café Gourmet Moído 500g;Brinquedos;523.65;58;PROD100019
Jogo de Tabuleiro Monopoly;Vestuário;595.36;5;PROD100020
Livro '1984' George Orwell;Livros;405.01;5;PROD100021
Jaqueta Jeans Feminina;Brinquedos;64.21;94;PROD100022
Café Gourmet Moído 500g;Eletrônicos;341.85;96;PROD100023
Livro '1984' George Orwell;Eletrônicos;804.82;8;PROD100024
Vestido Floral Verão;Alimentos;14.59;64;PROD100025
Livro '1984' George Orwell;Alimentos;340.16;10;PROD100026
Lego City Polícia 600 peças;Vestuário;404.19;38;PROD100027
Jogo de Tabuleiro Monopoly;Brinquedos;542.02;96;PROD100028
Camiseta Polo Azul;Brinquedos;920.66;92;PROD100029
Tablet ProTab 10';Alimentos;352.88;81;PROD100030
Chocolate Amargo 70% 100g;Brinquedos;353.48;95;PROD100031
Livro 'A Arte da Guerra' Sun Tzu;Brinquedos;740.13;8;PROD100032
Camisa Social Branca;Eletrônicos;457.7;25;PROD100033
Tablet ProTab 10';Alimentos;232.36;73;PROD100034
Jaqueta Jeans Feminina;Livros;457.92;66;PROD100035
Livro '1984' George Orwell;Alimentos;149.45;79;PROD100036
Vestido Floral Verão;Livros;184.62;50;PROD100037
Livro 'O Pequeno Príncipe' Antoine de Saint-Exupéry;Eletrônicos;503.38;67;PROD100038
Boneca Barbie Astronauta;Vestuário;424.74;49;PROD100039
Carrinho Controle Remoto;Brinquedos;915.7;36;PROD100040
Camisa Social Branca;Eletrônicos;368.77;68;PROD100041
Notebook Asus Vivobook 15;Brinquedos;584.78;78;PROD100042
Vestido Floral Verão;Vestuário;635.94;41;PROD100043
Jogo de Tabuleiro Monopoly;Vestuário;22.96;89;PROD100044
Jogo de Tabuleiro Monopoly;Eletrônicos;666.9;62;PROD100045
Relógio Inteligente SmartFit;Vestuário;186.26;10;PROD100046
Camisa Social Branca;Livros;961.46;21;PROD100047
Camisa Social Branca;Vestuário;157.18;36;PROD100048
Livro 'O Pequeno Príncipe' Antoine de Saint-Exupéry;Brinquedos;420.48;12;PROD100049
Notebook Asus Vivobook 15;Brinquedos;94.5;91;PROD100050
Lego City Polícia 600 peças;Brinquedos;996.91;2;PROD100051
Notebook Asus Vivobook 15;Brinquedos;507.17;13;PROD100052
Tablet ProTab 10';Livros;599.43;53;PROD100053
Smartphone Galaxy S22;Alimentos;76.41;32;PROD100054
Livro 'A Arte da Guerra' Sun Tzu;Eletrônicos;752.46;95;PROD100055
Tablet ProTab 10';Brinquedos;217.81;16;PROD100056
Jogo de Tabuleiro Monopoly;Vestuário;899.07;32;PROD100057
Azeite de Oliva Extra Virgem 500ml;Brinquedos;213.09;32;PROD100058
Vestido Floral Verão;Vestuário;198.78;98;PROD100059
Jogo de Tabuleiro Monopoly;Vestuário;46.18;11;PROD100060
Carrinho Controle Remoto;Brinquedos;477.35;10;PROD100061
Azeite de Oliva Extra Virgem 500ml;Livros;569.19;15;PROD100062
Jogo de Tabuleiro Monopoly;Vestuário;75.05;17;PROD100063
Livro 'A Arte da Guerra' Sun Tzu;Vestuário;777.77;40;PROD100064
Livro 'A Arte da Guerra' Sun Tzu;Brinquedos;458.76;18;PROD100065
Lego City Polícia 600 peças;Vestuário;529.15;55;PROD100066
Jaqueta Jeans Feminina;Vestuário;446.36;73;PROD100067
Chocolate Amargo 70% 100g;Brinquedos;406.76;25;PROD100068
Pacote de Arroz Integral 5kg;Brinquedos;564.04;59;PROD100069
Relógio Inteligente SmartFit;Eletrônicos;163.69;78;PROD100070
Boneca Barbie Astronauta;Livros;190.11;89;PROD100071
Café Gourmet Moído 500g;Livros;863.17;22;PROD100072
Livro 'O Pequeno Príncipe' Antoine de Saint-Exupéry;Vestuário;946.65;30;PROD100073
Chocolate Amargo 70% 100g;Livros;379.58;84;PROD100074
Vestido Floral Verão;Vestuário;278.04;85;PROD100075
Vestido Floral Verão;Eletrônicos;647.56;44;PROD100076
Vestido Floral Verão;Brinquedos;414.65;32;PROD100077
Smartphone Galaxy S22;Brinquedos;35.13;51;PROD100078
Café Gourmet Moído 500g;Brinquedos;164.59;46;PROD100079
Jogo de Tabuleiro Monopoly;Livros;718.81;21;PROD100080
Notebook Asus Vivobook 15;Eletrônicos;662.33;99;PROD100081
Pacote de Arroz Integral 5kg;Livros;36.83;32;PROD100082
Livro '1984' George Orwell;Livros;229.75;94;PROD100083
Chocolate Amargo 70% 100g;Eletrônicos;238.76;39;PROD100084
Livro 'A Arte da Guerra' Sun Tzu;Eletrônicos;675.17;12;PROD100085
Carrinho Controle Remoto;Eletrônicos;29.51;47;PROD100086
Relógio Inteligente SmartFit;Eletrônicos;113.07;18;PROD100087
Azeite de Oliva Extra Virgem 500ml;Brinquedos;801.92;21;PROD100088
Tablet ProTab 10';Alimentos;186.76;13;PROD100089
Pacote de Arroz Integral 5kg;Alimentos;656.22;21;PROD100090
Livro 'Dom Casmurro' Machado de Assis;Eletrônicos;245.8;8;PROD100091
Livro 'Dom Casmurro' Machado de Assis;Alimentos;108.45;46;PROD100092
Relógio Inteligente SmartFit;Alimentos;250.74;7;PROD100093
Camisa Social Branca;Eletrônicos;725.04;23;PROD100094
Camiseta Polo Azul;Alimentos;857.14;96;PROD100095
Boneca Barbie Astronauta;Livros;831.92;75;PROD100096
Pacote de Arroz Integral 5kg;Vestuário;403.21;86;PROD100097
Livro 'A Arte da Guerra' Sun Tzu;Vestuário;671.4;22;PROD100098
Pacote de Arroz Integral 5kg;Eletrônicos;212.93;89;PROD100099
Jogo de Tabuleiro Monopoly;Brinquedos;300.22;22;PROD100100
Azeite de Oliva Extra Virgem 500ml;Eletrônicos;897.37;92;PROD100101
Café Gourmet Moído 500g;Brinquedos;22.87;29;PROD100102
Vestido Floral Verão;Vestuário;94.65;13;PROD100103
Café Gourmet Moído 500g;Eletrônicos;215.81;82;PROD100104
Jaqueta Jeans Feminina;Livros;36.27;2;PROD100105
Jaqueta Jeans Feminina;Alimentos;189.62;29;PROD100106
Pacote de Arroz Integral 5kg;Brinquedos;587.21;85;PROD100107
Smartphone Galaxy S22;Alimentos;427.21;79;PROD100108
Lego City Polícia 600 peças;Alimentos;893.74;52;PROD100109
Livro '1984' George Orwell;Eletrônicos;819.27;27;PROD100110
Smartphone Galaxy S22;Alimentos;348.4;50;PROD100111
Livro 'A Arte da Guerra' Sun Tzu;Livros;266.83;95;PROD100112
Livro '1984' George Orwell;Alimentos;385.9;79;PROD100113
Chocolate Amargo 70% 100g;Eletrônicos;594.39;23;PROD100114
Café Gourmet Moído 500g;Livros;275.38;88;PROD100115
Café Gourmet Moído 500g;Vestuário;627.91;44;PROD100116
Livro '1984' George Orwell;Alimentos;415.32;77;PROD100117
Boneca Barbie Astronauta;Eletrônicos;556.53;22;PROD100118
Smartphone Galaxy S22;Vestuário;441.77;43;PROD100119
Lego City Polícia 600 peças;Vestuário;301.52;37;PROD100120
Pacote de Arroz Integral 5kg;Brinquedos;948.97;61;PROD100121
Camiseta Polo Azul;Livros;765.97;97;PROD100122
Café Gourmet Moído 500g;Alimentos;148.71;56;PROD100123
Boneca Barbie Astronauta;Eletrônicos;869.78;3;PROD100124
Camiseta Polo Azul;Brinquedos;492.56;63;PROD100125
Carrinho Controle Remoto;Livros;895.61;19;PROD100126
Carrinho Controle Remoto;Brinquedos;801.86;23;PROD100127
Lego City Polícia 600 peças;Livros;430.96;29;PROD100128
Notebook Asus Vivobook 15;Livros;32.24;30;PROD100129
Tablet ProTab 10';Alimentos;275.99;39;PROD100130
Pacote de Arroz Integral 5kg;Livros;546.22;25;PROD100131
Café Gourmet Moído 500g;Brinquedos;637.14;8;PROD100132
Pacote de Arroz Integral 5kg;Livros;265.31;58;PROD100133
Carrinho Controle Remoto;Alimentos;147.96;16;PROD100134
Chocolate Amargo 70% 100g;Alimentos;836.58;72;PROD100135
Chocolate Amargo 70% 100g;Brinquedos;984.56;1;PROD100136
Camiseta Polo Azul;Vestuário;530.43;5;PROD100137
Chocolate Amargo 70% 100g;Vestuário;179.96;3;PROD100138
Jogo de Tabuleiro Monopoly;Livros;279.58;65;PROD100139
Notebook Asus Vivobook 15;Eletrônicos;28.21;4;PROD100140
Relógio Inteligente SmartFit;Livros;915.16;99;PROD100141
Camiseta Polo Azul;Brinquedos;126.57;96;PROD100142
Café Gourmet Moído 500g;Brinquedos;580.75;64;PROD100143
Vestido Floral Verão;Brinquedos;281.31;98;PROD100144
Camiseta Polo Azul;Brinquedos;558.64;89;PROD100145
Livro 'Dom Casmurro' Machado de Assis;Brinquedos;654.91;10;PROD100146
Relógio Inteligente SmartFit;Alimentos;831.44;21;PROD100147
Notebook Asus Vivobook 15;Vestuário;214.36;46;PROD100148
Camiseta Polo Azul;Brinquedos;20.89;91;PROD100149
Camiseta Polo Azul;Eletrônicos;145.52;27;PROD100150
Chocolate Amargo 70% 100g;Eletrônicos;901.02;66;PROD100151
Livro 'A Arte da Guerra' Sun Tzu;Eletrônicos;875.15;41;PROD100152
Camiseta Polo Azul;Eletrônicos;601.44;13;PROD100153
Jaqueta Jeans Feminina;Alimentos;604.51;9;PROD100154
Pacote de Arroz Integral 5kg;Eletrônicos;668.39;36;PROD100155
Café Gourmet Moído 500g;Brinquedos;183.62;86;PROD100156
Carrinho Controle Remoto;Livros;915.27;90;PROD100157
Jaqueta Jeans Feminina;Eletrônicos;424.58;58;PROD100158
Jaqueta Jeans Feminina;Alimentos;389.31;54;PROD100159
Smartphone Galaxy S22;Alimentos;523.73;12;PROD100160
Vestido Floral Verão;Eletrônicos;56.5;81;PROD100161
Boneca Barbie Astronauta;Livros;174.62;78;PROD100162
Chocolate Amargo 70% 100g;Eletrônicos;740.65;14;PROD100163
Jogo de Tabuleiro Monopoly;Alimentos;91.97;34;PROD100164
Jogo de Tabuleiro Monopoly;Vestuário;607.12;53;PROD100165
Vestido Floral Verão;Brinquedos;252.9;20;PROD100166
Livro 'Dom Casmurro' Machado de Assis;Alimentos;395.4;75;PROD100167
Livro 'Dom Casmurro' Machado de Assis;Eletrônicos;295.81;16;PROD100168
Lego City Polícia 600 peças;Brinquedos;362.12;95;PROD100169
Café Gourmet Moído 500g;Eletrônicos;721.86;70;PROD100170
Livro 'O Pequeno Príncipe' Antoine de Saint-Exupéry;Eletrônicos;304.15;56;PROD100171
Livro 'O Pequeno Príncipe' Antoine de Saint-Exupéry;Vestuário;570.74;83;PROD100172
Azeite de Oliva Extra Virgem 500ml;Brinquedos;481.29;58;PROD100173
Carrinho Controle Remoto;Brinquedos;667.03;4;PROD100174
Azeite de Oliva Extra Virgem 500ml;Vestuário;937.46;4;PROD100175
Carrinho Controle Remoto;Alimentos;735.25;20;PROD100176
Livro 'O Pequeno Príncipe' Antoine de Saint-Exupéry;Eletrônicos;222.79;10;PROD100177
Livro 'A Arte da Guerra' Sun Tzu;Livros;40.87;24;PROD100178
Lego City Polícia 600 peças;Eletrônicos;269.64;99;PROD100179
Chocolate Amargo 70% 100g;Eletrônicos;599.13;26;PROD100180
Café Gourmet Moído 500g;Alimentos;60.91;37;PROD100181
Azeite de Oliva Extra Virgem 500ml;Eletrônicos;501.4;85;PROD100182
Camisa Social Branca;Vestuário;600.87;54;PROD100183
Carrinho Controle Remoto;Vestuário;340.9;21;PROD100184
Camiseta Polo Azul;Brinquedos;773.2;74;PROD100185
Azeite de Oliva Extra Virgem 500ml;Livros;115.53;38;PROD100186
Camiseta Polo Azul;Eletrônicos;84.39;46;PROD100187
Tablet ProTab 10';Eletrônicos;730.91;4;PROD100188
Boneca Barbie Astronauta;Alimentos;500.54;60;PROD100189
Camisa Social Branca;Vestuário;691.52;57;PROD100190
Vestido Floral Verão;Livros;440.48;45;PROD100191
Livro 'A Arte da Guerra' Sun Tzu;Brinquedos;253.94;20;PROD100192
Vestido Floral Verão;Vestuário;820.91;17;PROD100193
Azeite de Oliva Extra Virgem 500ml;Brinquedos;801.42;71;PROD100194
Notebook Asus Vivobook 15;Alimentos;697.75;4;PROD100195
Vestido Floral Verão;Alimentos;279.42;93;PROD100196
Azeite de Oliva Extra Virgem 500ml;Eletrônicos;594.33;14;PROD100197
Café Gourmet Moído 500g;Livros;367.36;3;PROD100198
Boneca Barbie Astronauta;Brinquedos;100.67;88;PROD100199
Notebook Asus Vivobook 15;Vestuário;918.14;80;PROD100200
Livro '1984' George Orwell;Alimentos;145.45;58;PROD100201
Camisa Social Branca;Eletrônicos;950.73;55;PROD100202
Tablet ProTab 10';Eletrônicos;451.55;4;PROD100203
Smartphone Galaxy S22;Brinquedos;193.28;24;PROD100204
Tablet ProTab 10';Alimentos;546.48;34;PROD100205
Jogo de Tabuleiro Monopoly;Livros;874.22;30;PROD100206
Boneca Barbie Astronauta;Alimentos;734.9;82;PROD100207
Camiseta Polo Azul;Brinquedos;808.5;19;PROD100208
Camisa Social Branca;Brinquedos;662.2;31;PROD100209
Lego City Polícia 600 peças;Alimentos;695.35;60;PROD100210
Lego City Polícia 600 peças;Brinquedos;850.7;60;PROD100211
Azeite de Oliva Extra Virgem 500ml;Alimentos;257.17;19;PROD100212
Livro 'A Arte da Guerra' Sun Tzu;Vestuário;494.53;49;PROD100213
Jogo de Tabuleiro Monopoly;Alimentos;229.0;63;PROD100214
Chocolate Amargo 70% 100g;Alimentos;987.79;83;PROD100215
Jogo de Tabuleiro Monopoly;Brinquedos;944.62;22;PROD100216
Vestido Floral Verão;Brinquedos;49.03;24;PROD100217
Notebook Asus Vivobook 15;Eletrônicos;708.52;76;PROD100218
Relógio Inteligente SmartFit;Eletrônicos;926.0;30;PROD100219
Camisa Social Branca;Vestuário;188.77;58;PROD100220
Jogo de Tabuleiro Monopoly;Eletrônicos;572.27;31;PROD100221
Livro '1984' George Orwell;Alimentos;916.33;64;PROD100222
Vestido Floral Verão;Brinquedos;43.61;19;PROD100223
Smartphone Galaxy S22;Eletrônicos;700.45;48;PROD100224
Livro 'Dom Casmurro' Machado de Assis;Eletrônicos;304.38;45;PROD100225
Livro 'A Arte da Guerra' Sun Tzu;Vestuário;925.15;94;PROD100226
Tablet ProTab 10';Vestuário;971.35;55;PROD100227
Chocolate Amargo 70% 100g;Alimentos;944.82;55;PROD100228
Livro '1984' George Orwell;Brinquedos;479.47;97;PROD100229
Smartphone Galaxy S22;Vestuário;863.42;18;PROD100230
Camisa Social Branca;Eletrônicos;846.1;63;PROD100231
Tablet ProTab 10';Brinquedos;325.91;92;PROD100232
Vestido Floral Verão;Brinquedos;830.63;47;PROD100233
Lego City Polícia 600 peças;Eletrônicos;46.64;75;PROD100234
Livro 'A Arte da Guerra' Sun Tzu;Vestuário;600.31;57;PROD100235
Boneca Barbie Astronauta;Eletrônicos;237.71;45;PROD100236
Livro 'O Pequeno Príncipe' Antoine de Saint-Exupéry;Brinquedos;129.36;33;PROD100237
Jogo de Tabuleiro Monopoly;Livros;86.18;17;PROD100238
Jogo de Tabuleiro Monopoly;Livros;699.33;70;PROD100239
Camisa Social Branca;Alimentos;346.48;4;PROD100240
Livro '1984' George Orwell;Eletrônicos;727.52;20;PROD100241
Livro 'Dom Casmurro' Machado de Assis;Eletrônicos;74.7;47;PROD100242
Vestido Floral Verão;Alimentos;322.14;91;PROD100243
Livro '1984' George Orwell;Alimentos;544.1;15;PROD100244
Relógio Inteligente SmartFit;Alimentos;792.82;70;PROD100245
Jaqueta Jeans Feminina;Brinquedos;325.56;47;PROD100246
Boneca Barbie Astronauta;Eletrônicos;629.63;78;PROD100247
Pacote de Arroz Integral 5kg;Brinquedos;887.12;75;PROD100248
Livro 'A Arte da Guerra' Sun Tzu;Alimentos;619.7;9;PROD100249
Relógio Inteligente SmartFit;Eletrônicos;240.63;90;PROD100250
Azeite de Oliva Extra Virgem 500ml;Brinquedos;34.16;16;PROD100251
Carrinho Controle Remoto;Brinquedos;871.4;69;PROD100252
Pacote de Arroz Integral 5kg;Alimentos;31.06;61;PROD100253
Camisa Social Branca;Eletrônicos;875.95;10;PROD100254
Boneca Barbie Astronauta;Alimentos;533.65;50;PROD100255
Jaqueta Jeans Feminina;Eletrônicos;939.68;3;PROD100256
Boneca Barbie Astronauta;Livros;800.8;77;PROD100257
Chocolate Amargo 70% 100g;Vestuário;997.95;94;PROD100258
Azeite de Oliva Extra Virgem 500ml;Vestuário;357.2;70;PROD100259
Livro '1984' George Orwell;Vestuário;769.52;81;PROD100260
Chocolate Amargo 70% 100g;Alimentos;407.91;51;PROD100261
Lego City Polícia 600 peças;Livros;485.08;19;PROD100262
Camiseta Polo Azul;Eletrônicos;631.23;42;PROD100263
Relógio Inteligente SmartFit;Brinquedos;874.94;35;PROD100264
Boneca Barbie Astronauta;Eletrônicos;984.24;46;PROD100265
Boneca Barbie Astronauta;Brinquedos;770.59;26;PROD100266
Notebook Asus Vivobook 15;Eletrônicos;423.59;69;PROD100267
Tablet ProTab 10';Livros;427.14;93;PROD100268
Smartphone Galaxy S22;Brinquedos;740.21;64;PROD100269
Lego City Polícia 600 peças;Alimentos;246.39;37;PROD100270
Chocolate Amargo 70% 100g;Eletrônicos;119.37;84;PROD100271
Chocolate Amargo 70% 100g;Eletrônicos;361.08;49;PROD100272
Chocolate Amargo 70% 100g;Brinquedos;294.37;21;PROD100273
Camiseta Polo Azul;Alimentos;303.35;74;PROD100274
Boneca Barbie Astronauta;Alimentos;241.27;64;PROD100275
Café Gourmet Moído 500g;Livros;51.67;5;PROD100276
Jaqueta Jeans Feminina;Alimentos;27.7;70;PROD100277
Lego City Polícia 600 peças;Alimentos;987.85;90;PROD100278
Azeite de Oliva Extra Virgem 500ml;Alimentos;433.5;4;PROD100279
Pacote de Arroz Integral 5kg;Vestuário;390.48;39;PROD100280
Notebook Asus Vivobook 15;Livros;682.85;35;PROD100281
Camisa Social Branca;Eletrônicos;226.07;1;PROD100282
Camisa Social Branca;Brinquedos;950.46;24;PROD100283
Café Gourmet Moído 500g;Eletrônicos;788.48;57;PROD100284
Smartphone Galaxy S22;Livros;98.52;70;PROD100285
Lego City Polícia 600 peças;Brinquedos;423.4;41;PROD100286
Tablet ProTab 10';Livros;880.33;54;PROD100287
Pacote de Arroz Integral 5kg;Alimentos;945.28;46;PROD100288
Chocolate Amargo 70% 100g;Brinquedos;472.73;60;PROD100289
Vestido Floral Verão;Alimentos;617.28;60;PROD100290
Livro 'Dom Casmurro' Machado de Assis;Eletrônicos;175.36;57;PROD100291
Camisa Social Branca;Eletrônicos;991.26;31;PROD100292
Livro 'A Arte da Guerra' Sun Tzu;Brinquedos;239.35;84;PROD100293
Livro 'Dom Casmurro' Machado de Assis;Brinquedos;943.3;24;PROD100294
Carrinho Controle Remoto;Livros;653.15;89;PROD100295
Chocolate Amargo 70% 100g;Livros;611.66;36;PROD100296
Livro '1984' George Orwell;Alimentos;517.56;85;PROD100297
Notebook Asus Vivobook 15;Brinquedos;238.36;30;PROD100298
Camiseta Polo Azul;Eletrônicos;184.76;24;PROD100299
Vestido Floral Verão;Livros;228.28;30;PROD100300
Lego City Polícia 600 peças;Livros;194.57;86;PROD100301
Carrinho Controle Remoto;Eletrônicos;781.79;92;PROD100302
Livro 'Dom Casmurro' Machado de Assis;Livros;356.62;7;PROD100303
Pacote de Arroz Integral 5kg;Alimentos;67.26;35;PROD100304
Pacote de Arroz Integral 5kg;Brinquedos;969.41;55;PROD100305
Livro 'A Arte da Guerra' Sun Tzu;Eletrônicos;884.95;92;PROD100306
Notebook Asus Vivobook 15;Brinquedos;928.47;14;PROD100307
Vestido Floral Verão;Livros;994.96;10;PROD100308
Camisa Social Branca;Livros;182.16;80;PROD100309
Livro 'O Pequeno Príncipe' Antoine de Saint-Exupéry;Eletrônicos;402.28;16;PROD100310
Tablet ProTab 10';Alimentos;760.66;54;PROD100311
Lego City Polícia 600 peças;Vestuário;699.06;95;PROD100312
Notebook Asus Vivobook 15;Eletrônicos;162.36;89;PROD100313
Smartphone Galaxy S22;Vestuário;817.67;77;PROD100314
Livro 'O Pequeno Príncipe' Antoine de Saint-Exupéry;Vestuário;232.2;70;PROD100315
Relógio Inteligente SmartFit;Alimentos;231.58;44;PROD100316
Livro 'A Arte da Guerra' Sun Tzu;Vestuário;541.6;73;PROD100317
Vestido Floral Verão;Vestuário;597.01;45;PROD100318
Café Gourmet Moído 500g;Alimentos;584.29;56;PROD100319
Camisa Social Branca;Vestuário;100.57;84;PROD100320
Livro 'Dom Casmurro' Machado de Assis;Vestuário;878.69;82;PROD100321
Livro 'A Arte da Guerra' Sun Tzu;Vestuário;272.94;57;PROD100322
Boneca Barbie Astronauta;Eletrônicos;138.22;21;PROD100323
Camiseta Polo Azul;Eletrônicos;889.86;68;PROD100324
Livro '1984' George Orwell;Eletrônicos;956.09;50;PROD100325
Notebook Asus Vivobook 15;Alimentos;863.51;33;PROD100326
Jaqueta Jeans Feminina;Livros;811.42;91;PROD100327
Smartphone Galaxy S22;Vestuário;658.69;7;PROD100328
Jaqueta Jeans Feminina;Vestuário;555.35;70;PROD100329
Livro 'O Pequeno Príncipe' Antoine de Saint-Exupéry;Alimentos;96.12;15;PROD100330
Camisa Social Branca;Vestuário;414.37;82;PROD100331
Relógio Inteligente SmartFit;Eletrônicos;378.96;32;PROD100332
Relógio Inteligente SmartFit;Livros;267.16;75;PROD100333
Tablet ProTab 10';Brinquedos;726.19;20;PROD100334
Lego City Polícia 600 peças;Vestuário;500.92;88;PROD100335
Chocolate Amargo 70% 100g;Eletrônicos;90.24;15;PROD100336
Jaqueta Jeans Feminina;Brinquedos;227.98;48;PROD100337
Lego City Polícia 600 peças;Livros;686.43;71;PROD100338
Livro 'A Arte da Guerra' Sun Tzu;Brinquedos;85.37;21;PROD100339
Jogo de Tabuleiro Monopoly;Eletrônicos;852.69;42;PROD100340
Boneca Barbie Astronauta;Brinquedos;500.2;26;PROD100341
Tablet ProTab 10';Alimentos;485.78;14;PROD100342
Café Gourmet Moído 500g;Brinquedos;596.48;57;PROD100343
Smartphone Galaxy S22;Vestuário;826.43;37;PROD100344
Café Gourmet Moído 500g;Vestuário;354.33;58;PROD100345
Chocolate Amargo 70% 100g;Alimentos;681.24;21;PROD100346
Lego City Polícia 600 peças;Eletrônicos;570.07;82;PROD100347
Café Gourmet Moído 500g;Vestuário;274.36;69;PROD100348
Pacote de Arroz Integral 5kg;Livros;879.84;3;PROD100349
Boneca Barbie Astronauta;Vestuário;799.45;87;PROD100350
Camiseta Polo Azul;Vestuário;661.87;90;PROD100351
Camiseta Polo Azul;Eletrônicos;852.08;37;PROD100352
Chocolate Amargo 70% 100g;Brinquedos;868.62;88;PROD100353
Livro 'A Arte da Guerra' Sun Tzu;Vestuário;711.28;49;PROD100354
Camisa Social Branca;Alimentos;838.64;19;PROD100355
Lego City Polícia 600 peças;Brinquedos;700.5;89;PROD100356
Café Gourmet Moído 500g;Livros;683.34;85;PROD100357
Boneca Barbie Astronauta;Eletrônicos;622.43;12;PROD100358
Livro '1984' George Orwell;Livros;755.19;61;PROD100359
Livro 'O Pequeno Príncipe' Antoine de Saint-Exupéry;Brinquedos;167.02;41;PROD100360
Azeite de Oliva Extra Virgem 500ml;Brinquedos;882.06;33;PROD100361
Tablet ProTab 10';Brinquedos;873.13;50;PROD100362
Livro 'A Arte da Guerra' Sun Tzu;Livros;38.95;68;PROD100363
Boneca Barbie Astronauta;Brinquedos;827.56;71;PROD100364
Vestido Floral Verão;Livros;137.58;86;PROD100365
Camisa Social Branca;Brinquedos;341.77;33;PROD100366
Jaqueta Jeans Feminina;Alimentos;746.07;81;PROD100367
Livro 'Dom Casmurro' Machado de Assis;Brinquedos;169.15;24;PROD100368
Livro 'Dom Casmurro' Machado de Assis;Livros;819.79;61;PROD100369
Chocolate Amargo 70% 100g;Vestuário;833.81;61;PROD100370
Jogo de Tabuleiro Monopoly;Brinquedos;512.39;98;PROD100371
Tablet ProTab 10';Vestuário;16.32;28;PROD100372
Chocolate Amargo 70% 100g;Alimentos;294.17;58;PROD100373
Café Gourmet Moído 500g;Eletrônicos;620.76;43;PROD100374
Café Gourmet Moído 500g;Alimentos;981.37;41;PROD100375
Lego City Polícia 600 peças;Brinquedos;635.5;39;PROD100376
Livro 'A Arte da Guerra' Sun Tzu;Vestuário;267.21;86;PROD100377
Tablet ProTab 10';Vestuário;637.67;49;PROD100378
Tablet ProTab 10';Livros;544.59;17;PROD100379
Smartphone Galaxy S22;Vestuário;782.05;98;PROD100380
Vestido Floral Verão;Livros;115.91;70;PROD100381
Livro 'A Arte da Guerra' Sun Tzu;Eletrônicos;763.42;70;PROD100382
Livro 'O Pequeno Príncipe' Antoine de Saint-Exupéry;Brinquedos;545.85;98;PROD100383
Notebook Asus Vivobook 15;Livros;963.36;65;PROD100384
Livro 'A Arte da Guerra' Sun Tzu;Eletrônicos;348.45;74;PROD100385
Boneca Barbie Astronauta;Vestuário;636.3;85;PROD100386
Carrinho Controle Remoto;Vestuário;932.71;5;PROD100387
Azeite de Oliva Extra Virgem 500ml;Eletrônicos;111.48;2;PROD100388
Vestido Floral Verão;Vestuário;937.86;22;PROD100389
Azeite de Oliva Extra Virgem 500ml;Eletrônicos;691.01;57;PROD100390
Livro '1984' George Orwell;Livros;77.16;66;PROD100391
Livro 'O Pequeno Príncipe' Antoine de Saint-Exupéry;Livros;307.95;74;PROD100392
Livro 'O Pequeno Príncipe' Antoine de Saint-Exupéry;Eletrônicos;711.09;98;PROD100393
Boneca Barbie Astronauta;Livros;76.68;16;PROD100394
Tablet ProTab 10';Livros;586.35;51;PROD100395
Smartphone Galaxy S22;Livros;352.42;39;PROD100396
Azeite de Oliva Extra Virgem 500ml;Alimentos;624.71;86;PROD100397
Notebook Asus Vivobook 15;Brinquedos;55.28;76;PROD100398
Camiseta Polo Azul;Vestuário;872.82;88;PROD100399
Livro 'A Arte da Guerra' Sun Tzu;Alimentos;973.75;40;PROD100400
Carrinho Controle Remoto;Livros;969.19;38;PROD100401
Livro '1984' George Orwell;Eletrônicos;752.16;60;PROD100402
Notebook Asus Vivobook 15;Livros;138.79;59;PROD100403
Notebook Asus Vivobook 15;Brinquedos;760.68;10;PROD100404
Azeite de Oliva Extra Virgem 500ml;Livros;34.34;99;PROD100405
Carrinho Controle Remoto;Eletrônicos;31.9;64;PROD100406
Livro 'Dom Casmurro' Machado de Assis;Brinquedos;330.37;63;PROD100407
Carrinho Controle Remoto;Livros;493.76;49;PROD100408
Chocolate Amargo 70% 100g;Brinquedos;772.7;64;PROD100409
Pacote de Arroz Integral 5kg;Vestuário;686.46;32;PROD100410
Notebook Asus Vivobook 15;Vestuário;451.44;7;PROD100411
Café Gourmet Moído 500g;Livros;280.89;21;PROD100412
Camisa Social Branca;Brinquedos;997.15;20;PROD100413
Chocolate Amargo 70% 100g;Eletrônicos;431.92;26;PROD100414
Tablet ProTab 10';Livros;456.87;68;PROD100415
Camisa Social Branca;Vestuário;171.99;86;PROD100416
Smartphone Galaxy S22;Vestuário;796.86;15;PROD100417
Vestido Floral Verão;Livros;696.75;85;PROD100418
Relógio Inteligente SmartFit;Brinquedos;228.56;79;PROD100419
Tablet ProTab 10';Vestuário;91.56;86;PROD100420
Chocolate Amargo 70% 100g;Brinquedos;683.69;92;PROD100421
Azeite de Oliva Extra Virgem 500ml;Vestuário;657.97;14;PROD100422
Tablet ProTab 10';Vestuário;280.53;27;PROD100423
Camisa Social Branca;Alimentos;951.35;40;PROD100424
Notebook Asus Vivobook 15;Vestuário;159.55;58;PROD100425
Boneca Barbie Astronauta;Eletrônicos;438.01;28;PROD100426
Relógio Inteligente SmartFit;Livros;944.18;26;PROD100427
Lego City Polícia 600 peças;Livros;425.53;63;PROD100428
Pacote de Arroz Integral 5kg;Brinquedos;642.14;66;PROD100429
Relógio Inteligente SmartFit;Vestuário;403.62;25;PROD100430
Camisa Social Branca;Eletrônicos;281.47;3;PROD100431
Tablet ProTab 10';Brinquedos;984.14;72;PROD100432
Livro '1984' George Orwell;Alimentos;415.24;44;PROD100433
Azeite de Oliva Extra Virgem 500ml;Brinquedos;895.16;97;PROD100434
Jogo de Tabuleiro Monopoly;Brinquedos;237.66;42;PROD100435
Notebook Asus Vivobook 15;Vestuário;220.97;99;PROD100436
Azeite de Oliva Extra Virgem 500ml;Alimentos;40.82;6;PROD100437
Notebook Asus Vivobook 15;Brinquedos;655.15;39;PROD100438
Lego City Polícia 600 peças;Eletrônicos;374.84;52;PROD100439
Camisa Social Branca;Eletrônicos;865.71;23;PROD100440
Jogo de Tabuleiro Monopoly;Livros;478.48;89;PROD100441
Camiseta Polo Azul;Alimentos;968.51;50;PROD100442
Vestido Floral Verão;Alimentos;193.67;43;PROD100443
Tablet ProTab 10';Livros;869.94;19;PROD100444
Tablet ProTab 10';Brinquedos;778.83;69;PROD100445
Relógio Inteligente SmartFit;Alimentos;773.21;51;PROD100446
Camiseta Polo Azul;Eletrônicos;846.34;11;PROD100447
Camiseta Polo Azul;Eletrônicos;763.41;12;PROD100448
Café Gourmet Moído 500g;Vestuário;629.96;74;PROD100449
Chocolate Amargo 70% 100g;Alimentos;139.93;8;PROD100450
Livro 'Dom Casmurro' Machado de Assis;Brinquedos;42.2;24;PROD100451
Café Gourmet Moído 500g;Livros;921.64;92;PROD100452
Lego City Polícia 600 peças;Livros;620.48;41;PROD100453
Livro 'A Arte da Guerra' Sun Tzu;Brinquedos;798.57;36;PROD100454
Smartphone Galaxy S22;Vestuário;486.71;85;PROD100455
Tablet ProTab 10';Livros;126.14;72;PROD100456
Jaqueta Jeans Feminina;Alimentos;133.93;55;PROD100457
Vestido Floral Verão;Vestuário;688.71;9;PROD100458
Livro 'O Pequeno Príncipe' Antoine de Saint-Exupéry;Alimentos;436.0;47;PROD100459
Azeite de Oliva Extra Virgem 500ml;Eletrônicos;208.52;15;PROD100460
Camisa Social Branca;Vestuário;496.68;48;PROD100461
Boneca Barbie Astronauta;Livros;73.57;82;PROD100462
Livro '1984' George Orwell;Vestuário;586.15;42;PROD100463
Livro 'Dom Casmurro' Machado de Assis;Vestuário;276.3;60;PROD100464
Lego City Polícia 600 peças;Vestuário;799.58;84;PROD100465
Livro '1984' George Orwell;Vestuário;317.26;70;PROD100466
Livro 'Dom Casmurro' Machado de Assis;Alimentos;460.67;12;PROD100467
Tablet ProTab 10';Eletrônicos;21.5;2;PROD100468
Livro 'Dom Casmurro' Machado de Assis;Brinquedos;81.72;7;PROD100469
Café Gourmet Moído 500g;Vestuário;398.57;80;PROD100470
Camiseta Polo Azul;Livros;485.14;3;PROD100471
Café Gourmet Moído 500g;Vestuário;604.02;3;PROD100472
Relógio Inteligente SmartFit;Livros;298.75;27;PROD100473
Livro '1984' George Orwell;Alimentos;698.03;40;PROD100474
Pacote de Arroz Integral 5kg;Livros;861.52;33;PROD100475
Camisa Social Branca;Brinquedos;782.05;92;PROD100476
Chocolate Amargo 70% 100g;Eletrônicos;49.22;1;PROD100477
Chocolate Amargo 70% 100g;Livros;485.7;8;PROD100478
Livro 'Dom Casmurro' Machado de Assis;Livros;113.88;32;PROD100479
Lego City Polícia 600 peças;Eletrônicos;249.62;48;PROD100480
Boneca Barbie Astronauta;Brinquedos;986.8;4;PROD100481
Camiseta Polo Azul;Vestuário;151.07;94;PROD100482
Jogo de Tabuleiro Monopoly;Livros;503.9;70;PROD100483
Smartphone Galaxy S22;Eletrônicos;621.97;19;PROD100484
Jaqueta Jeans Feminina;Alimentos;705.44;32;PROD100485
Vestido Floral Verão;Eletrônicos;564.05;9;PROD100486
Pacote de Arroz Integral 5kg;Alimentos;19.67;12;PROD100487
Livro 'O Pequeno Príncipe' Antoine de Saint-Exupéry;Brinquedos;333.2;11;PROD100488
Livro 'O Pequeno Príncipe' Antoine de Saint-Exupéry;Vestuário;522.53;46;PROD100489
Pacote de Arroz Integral 5kg;Eletrônicos;96.99;16;PROD100490
Pacote de Arroz Integral 5kg;Livros;357.12;1;PROD100491
Vestido Floral Verão;Brinquedos;42.87;63;PROD100492
Jaqueta Jeans Feminina;Eletrônicos;87.79;21;PROD100493
Carrinho Controle Remoto;Livros;402.95;30;PROD100494
Vestido Floral Verão;Eletrônicos;141.39;13;PROD100495
Azeite de Oliva Extra Virgem 500ml;Alimentos;571.87;34;PROD100496
Chocolate Amargo 70% 100g;Eletrônicos;692.57;4;PROD100497
Livro 'O Pequeno Príncipe' Antoine de Saint-Exupéry;Eletrônicos;802.58;28;PROD100498
Livro 'O Pequeno Príncipe' Antoine de Saint-Exupéry;Eletrônicos;208.15;95;PROD100499
Azeite de Oliva Extra Virgem 500ml;Brinquedos;175.81;59;PROD100500
Lego City Polícia 600 peças;Eletrônicos;113.52;27;PROD100501
Smartphone Galaxy S22;Livros;640.07;69;PROD100502
Azeite de Oliva Extra Virgem 500ml;Alimentos;709.41;25;PROD100503
Smartphone Galaxy S22;Alimentos;41.27;3;PROD100504
Chocolate Amargo 70% 100g;Eletrônicos;936.85;97;PROD100505
Livro 'O Pequeno Príncipe' Antoine de Saint-Exupéry;Brinquedos;61.45;68;PROD100506
Livro 'O Pequeno Príncipe' Antoine de Saint-Exupéry;Brinquedos;545.88;25;PROD100507
Livro 'Dom Casmurro' Machado de Assis;Livros;711.97;20;PROD100508
Tablet ProTab 10';Eletrônicos;872.26;34;PROD100509
Boneca Barbie Astronauta;Alimentos;716.95;26;PROD100510
Boneca Barbie Astronauta;Brinquedos;803.71;5;PROD100511
Livro '1984' George Orwell;Eletrônicos;346.06;99;PROD100512
Smartphone Galaxy S22;Brinquedos;816.68;61;PROD100513
Vestido Floral Verão;Brinquedos;89.31;92;PROD100514
Camiseta Polo Azul;Alimentos;895.87;93;PROD100515
Chocolate Amargo 70% 100g;Vestuário;552.12;9;PROD100516
Boneca Barbie Astronauta;Livros;819.12;50;PROD100517
Lego City Polícia 600 peças;Livros;457.8;6;PROD100518
Livro '1984' George Orwell;Alimentos;647.14;83;PROD100519
Tablet ProTab 10';Brinquedos;531.14;60;PROD100520
Jogo de Tabuleiro Monopoly;Eletrônicos;734.27;44;PROD100521
Pacote de Arroz Integral 5kg;Brinquedos;90.81;11;PROD100522
Camisa Social Branca;Alimentos;69.75;66;PROD100523
Jogo de Tabuleiro Monopoly;Livros;254.63;47;PROD100524
Jogo de Tabuleiro Monopoly;Brinquedos;167.95;73;PROD100525
Chocolate Amargo 70% 100g;Livros;873.07;85;PROD100526
Jaqueta Jeans Feminina;Eletrônicos;227.02;88;PROD100527
Livro 'A Arte da Guerra' Sun Tzu;Livros;976.11;98;PROD100528
Jaqueta Jeans Feminina;Livros;343.53;86;PROD100529
Café Gourmet Moído 500g;Vestuário;190.3;3;PROD100530
Livro '1984' George Orwell;Vestuário;791.8;76;PROD100531
Carrinho Controle Remoto;Vestuário;662.12;92;PROD100532
Lego City Polícia 600 peças;Livros;503.21;30;PROD100533
Livro 'Dom Casmurro' Machado de Assis;Alimentos;559.81;90;PROD100534
Livro 'O Pequeno Príncipe' Antoine de Saint-Exupéry;Livros;722.01;21;PROD100535
Livro 'A Arte da Guerra' Sun Tzu;Alimentos;236.17;28;PROD100536
Azeite de Oliva Extra Virgem 500ml;Alimentos;996.37;90;PROD100537
Livro 'O Pequeno Príncipe' Antoine de Saint-Exupéry;Vestuário;975.05;62;PROD100538
Chocolate Amargo 70% 100g;Brinquedos;653.82;33;PROD100539
Café Gourmet Moído 500g;Eletrônicos;207.55;85;PROD100540
Boneca Barbie Astronauta;Vestuário;683.43;35;PROD100541
Relógio Inteligente SmartFit;Vestuário;81.48;52;PROD100542
Jogo de Tabuleiro Monopoly;Brinquedos;40.35;34;PROD100543
Relógio Inteligente SmartFit;Eletrônicos;265.11;41;PROD100544
Jaqueta Jeans Feminina;Livros;468.0;51;PROD100545
Carrinho Controle Remoto;Livros;869.59;47;PROD100546
Carrinho Controle Remoto;Vestuário;729.9;82;PROD100547
Lego City Polícia 600 peças;Eletrônicos;745.28;58;PROD100548
Livro 'A Arte da Guerra' Sun Tzu;Vestuário;431.24;75;PROD100549
Pacote de Arroz Integral 5kg;Alimentos;352.48;57;PROD100550
Livro '1984' George Orwell;Vestuário;377.33;23;PROD100551
Smartphone Galaxy S22;Vestuário;987.77;48;PROD100552
Pacote de Arroz Integral 5kg;Livros;49.71;22;PROD100553
Livro 'A Arte da Guerra' Sun Tzu;Livros;868.36;17;PROD100554
Café Gourmet Moído 500g;Livros;582.89;69;PROD100555
Lego City Polícia 600 peças;Alimentos;444.23;11;PROD100556
Camiseta Polo Azul;Livros;728.01;94;PROD100557
Livro 'Dom Casmurro' Machado de Assis;Eletrônicos;491.8;15;PROD100558
Lego City Polícia 600 peças;Brinquedos;874.69;91;PROD100559
Pacote de Arroz Integral 5kg;Eletrônicos;901.69;35;PROD100560
Camiseta Polo Azul;Eletrônicos;427.5;33;PROD100561
Vestido Floral Verão;Livros;284.06;84;PROD100562
Livro 'O Pequeno Príncipe' Antoine de Saint-Exupéry;Brinquedos;596.43;16;PROD100563
Chocolate Amargo 70% 100g;Brinquedos;913.24;34;PROD100564
Livro '1984' George Orwell;Brinquedos;218.56;66;PROD100565
Boneca Barbie Astronauta;Alimentos;626.74;99;PROD100566
Notebook Asus Vivobook 15;Livros;635.24;40;PROD100567
Livro '1984' George Orwell;Brinquedos;735.78;28;PROD100568
Livro 'Dom Casmurro' Machado de Assis;Alimentos;140.25;47;PROD100569
Café Gourmet Moído 500g;Vestuário;718.67;39;PROD100570
Jaqueta Jeans Feminina;Vestuário;909.94;70;PROD100571
Jaqueta Jeans Feminina;Alimentos;187.89;73;PROD100572
Notebook Asus Vivobook 15;Alimentos;245.17;20;PROD100573
Livro 'O Pequeno Príncipe' Antoine de Saint-Exupéry;Livros;971.68;1;PROD100574
Pacote de Arroz Integral 5kg;Livros;189.17;72;PROD100575
Jogo de Tabuleiro Monopoly;Vestuário;855.84;87;PROD100576
Livro 'A Arte da Guerra' Sun Tzu;Brinquedos;497.36;63;PROD100577
Lego City Polícia 600 peças;Vestuário;254.76;67;PROD100578
Camisa Social Branca;Brinquedos;872.04;4;PROD100579
Notebook Asus Vivobook 15;Brinquedos;450.85;58;PROD100580
Jogo de Tabuleiro Monopoly;Livros;519.67;25;PROD100581
Lego City Polícia 600 peças;Eletrônicos;365.64;47;PROD100582
Livro 'A Arte da Guerra' Sun Tzu;Eletrônicos;597.02;38;PROD100583
Boneca Barbie Astronauta;Alimentos;171.89;15;PROD100584
Livro '1984' George Orwell;Livros;397.17;63;PROD100585
Chocolate Amargo 70% 100g;Brinquedos;969.72;21;PROD100586
Azeite de Oliva Extra Virgem 500ml;Eletrônicos;265.55;99;PROD100587
Livro '1984' George Orwell;Brinquedos;660.17;57;PROD100588
Relógio Inteligente SmartFit;Eletrônicos;331.94;53;PROD100589
Jogo de Tabuleiro Monopoly;Eletrônicos;775.74;46;PROD100590
Carrinho Controle Remoto;Eletrônicos;139.56;14;PROD100591
Relógio Inteligente SmartFit;Livros;970.12;76;PROD100592
Livro 'A Arte da Guerra' Sun Tzu;Vestuário;459.25;17;PROD100593
Lego City Polícia 600 peças;Brinquedos;243.69;39;PROD100594
Jaqueta Jeans Feminina;Livros;82.76;9;PROD100595
Relógio Inteligente SmartFit;Livros;178.06;99;PROD100596
Café Gourmet Moído 500g;Livros;524.58;77;PROD100597
Vestido Floral Verão;Livros;343.63;79;PROD100598
Relógio Inteligente SmartFit;Livros;830.59;82;PROD100599
Livro 'Dom Casmurro' Machado de Assis;Alimentos;436.58;97;PROD100600
Livro 'Dom Casmurro' Machado de Assis;Brinquedos;256.23;6;PROD100601
Camiseta Polo Azul;Livros;620.97;91;PROD100602
Boneca Barbie Astronauta;Brinquedos;709.71;23;PROD100603
Vestido Floral Verão;Alimentos;175.37;59;PROD100604
Tablet ProTab 10';Alimentos;175.94;91;PROD100605
Livro 'Dom Casmurro' Machado de Assis;Brinquedos;46.3;98;PROD100606
Vestido Floral Verão;Eletrônicos;739.04;46;PROD100607
Lego City Polícia 600 peças;Vestuário;667.17;38;PROD100608
Relógio Inteligente SmartFit;Eletrônicos;479.88;14;PROD100609
Livro 'O Pequeno Príncipe' Antoine de Saint-Exupéry;Eletrônicos;845.73;72;PROD100610
Livro 'A Arte da Guerra' Sun Tzu;Eletrônicos;807.61;62;PROD100611
Livro '1984' George Orwell;Livros;589.5;35;PROD100612
Notebook Asus Vivobook 15;Alimentos;869.59;19;PROD100613
Vestido Floral Verão;Eletrônicos;213.78;30;PROD100614
Smartphone Galaxy S22;Alimentos;120.8;78;PROD100615
Jogo de Tabuleiro Monopoly;Brinquedos;277.05;84;PROD100616
Lego City Polícia 600 peças;Vestuário;66.52;25;PROD100617
Vestido Floral Verão;Brinquedos;535.86;40;PROD100618
Boneca Barbie Astronauta;Brinquedos;937.24;88;PROD100619
Camiseta Polo Azul;Livros;48.95;14;PROD100620
Café Gourmet Moído 500g;Vestuário;130.89;26;PROD100621
Livro 'A Arte da Guerra' Sun Tzu;Brinquedos;457.68;87;PROD100622
Jaqueta Jeans Feminina;Brinquedos;934.54;22;PROD100623
Notebook Asus Vivobook 15;Vestuário;322.99;48;PROD100624
Smartphone Galaxy S22;Vestuário;512.16;83;PROD100625
Livro 'A Arte da Guerra' Sun Tzu;Brinquedos;51.16;51;PROD100626
Jaqueta Jeans Feminina;Vestuário;156.86;3;PROD100627
Vestido Floral Verão;Brinquedos;986.76;42;PROD100628
Camiseta Polo Azul;Brinquedos;965.47;19;PROD100629
Boneca Barbie Astronauta;Livros;14.89;73;PROD100630
Boneca Barbie Astronauta;Eletrônicos;952.29;28;PROD100631
Chocolate Amargo 70% 100g;Brinquedos;642.73;84;PROD100632
Notebook Asus Vivobook 15;Alimentos;869.24;45;PROD100633
Notebook Asus Vivobook 15;Eletrônicos;460.19;71;PROD100634
Livro 'O Pequeno Príncipe' Antoine de Saint-Exupéry;Eletrônicos;520.44;78;PROD100635
Livro 'O Pequeno Príncipe' Antoine de Saint-Exupéry;Eletrônicos;493.96;63;PROD100636
Pacote de Arroz Integral 5kg;Livros;670.2;73;PROD100637
Vestido Floral Verão;Brinquedos;148.25;19;PROD100638
Vestido Floral Verão;Livros;39.67;47;PROD100639
Camisa Social Branca;Brinquedos;314.85;14;PROD100640
Relógio Inteligente SmartFit;Livros;707.63;38;PROD100641
Livro 'A Arte da Guerra' Sun Tzu;Livros;209.83;53;PROD100642
Chocolate Amargo 70% 100g;Alimentos;676.7;61;PROD100643
Smartphone Galaxy S22;Livros;970.21;36;PROD100644
Vestido Floral Verão;Vestuário;102.96;40;PROD100645
Pacote de Arroz Integral 5kg;Alimentos;675.88;81;PROD100646
Livro 'A Arte da Guerra' Sun Tzu;Livros;449.31;30;PROD100647
Lego City Polícia 600 peças;Eletrônicos;869.46;9;PROD100648
Lego City Polícia 600 peças;Vestuário;185.38;64;PROD100649
Azeite de Oliva Extra Virgem 500ml;Vestuário;695.7;33;PROD100650
Vestido Floral Verão;Vestuário;839.73;52;PROD100651
Jogo de Tabuleiro Monopoly;Alimentos;945.17;89;PROD100652
Tablet ProTab 10';Livros;686.42;14;PROD100653
Livro 'O Pequeno Príncipe' Antoine de Saint-Exupéry;Livros;502.2;75;PROD100654
Pacote de Arroz Integral 5kg;Eletrônicos;621.67;53;PROD100655
Café Gourmet Moído 500g;Eletrônicos;870.22;99;PROD100656
Carrinho Controle Remoto;Vestuário;574.9;59;PROD100657
Smartphone Galaxy S22;Eletrônicos;40.08;78;PROD100658
Carrinho Controle Remoto;Alimentos;931.64;94;PROD100659
Camiseta Polo Azul;Livros;692.63;41;PROD100660
Lego City Polícia 600 peças;Vestuário;679.75;68;PROD100661
Jogo de Tabuleiro Monopoly;Eletrônicos;223.52;68;PROD100662
Notebook Asus Vivobook 15;Alimentos;662.3;92;PROD100663
Smartphone Galaxy S22;Alimentos;399.93;8;PROD100664
Vestido Floral Verão;Eletrônicos;654.72;2;PROD100665
Café Gourmet Moído 500g;Livros;115.53;86;PROD100666
Jogo de Tabuleiro Monopoly;Eletrônicos;661.27;41;PROD100667
Smartphone Galaxy S22;Vestuário;999.42;55;PROD100668
Livro '1984' George Orwell;Eletrônicos;57.73;16;PROD100669
Relógio Inteligente SmartFit;Alimentos;977.4;93;PROD100670
Notebook Asus Vivobook 15;Eletrônicos;412.84;62;PROD100671
Café Gourmet Moído 500g;Livros;872.05;48;PROD100672
Chocolate Amargo 70% 100g;Brinquedos;784.56;30;PROD100673
Relógio Inteligente SmartFit;Eletrônicos;571.35;12;PROD100674
Pacote de Arroz Integral 5kg;Livros;741.06;35;PROD100675
Jogo de Tabuleiro Monopoly;Livros;879.73;11;PROD100676
Camisa Social Branca;Alimentos;410.1;64;PROD100677
Relógio Inteligente SmartFit;Livros;333.76;50;PROD100678
Tablet ProTab 10';Livros;670.92;85;PROD100679
Livro 'Dom Casmurro' Machado de Assis;Livros;809.77;21;PROD100680
Livro 'O Pequeno Príncipe' Antoine de Saint-Exupéry;Livros;764.66;69;PROD100681
Lego City Polícia 600 peças;Vestuário;799.84;48;PROD100682
Camisa Social Branca;Vestuário;441.23;20;PROD100683
Camiseta Polo Azul;Alimentos;819.66;67;PROD100684
Jogo de Tabuleiro Monopoly;Eletrônicos;129.01;44;PROD100685
Livro '1984' George Orwell;Livros;549.04;33;PROD100686
Café Gourmet Moído 500g;Eletrônicos;15.7;73;PROD100687
Jaqueta Jeans Feminina;Eletrônicos;331.34;61;PROD100688
Carrinho Controle Remoto;Alimentos;372.8;9;PROD100689
Pacote de Arroz Integral 5kg;Livros;402.21;68;PROD100690
Azeite de Oliva Extra Virgem 500ml;Livros;698.51;35;PROD100691
Relógio Inteligente SmartFit;Brinquedos;394.67;81;PROD100692
Jogo de Tabuleiro Monopoly;Eletrônicos;454.21;98;PROD100693
Jogo de Tabuleiro Monopoly;Eletrônicos;245.17;88;PROD100694
Azeite de Oliva Extra Virgem 500ml;Vestuário;379.52;96;PROD100695
Livro 'O Pequeno Príncipe' Antoine de Saint-Exupéry;Brinquedos;235.0;65;PROD100696
Relógio Inteligente SmartFit;Vestuário;82.46;8;PROD100697
Café Gourmet Moído 500g;Vestuário;607.41;45;PROD100698
Smartphone Galaxy S22;Vestuário;671.53;87;PROD100699
Vestido Floral Verão;Alimentos;623.3;47;PROD100700
Camisa Social Branca;Alimentos;468.86;40;PROD100701
Tablet ProTab 10';Vestuário;385.99;76;PROD100702
Livro '1984' George Orwell;Brinquedos;864.7;54;PROD100703
Camisa Social Branca;Eletrônicos;523.89;76;PROD100704
Vestido Floral Verão;Brinquedos;484.39;46;PROD100705
Notebook Asus Vivobook 15;Livros;35.39;47;PROD100706
Smartphone Galaxy S22;Alimentos;347.84;15;PROD100707
Livro '1984' George Orwell;Eletrônicos;386.39;19;PROD100708
Carrinho Controle Remoto;Eletrônicos;404.83;26;PROD100709
Livro '1984' George Orwell;Livros;584.37;52;PROD100710
Smartphone Galaxy S22;Livros;538.27;93;PROD100711
Azeite de Oliva Extra Virgem 500ml;Vestuário;611.83;22;PROD100712
Relógio Inteligente SmartFit;Alimentos;767.23;21;PROD100713
Boneca Barbie Astronauta;Alimentos;814.86;51;PROD100714
Jogo de Tabuleiro Monopoly;Brinquedos;720.94;38;PROD100715
Livro '1984' George Orwell;Vestuário;955.97;20;PROD100716
Camiseta Polo Azul;Vestuário;28.05;29;PROD100717
Livro 'A Arte da Guerra' Sun Tzu;Vestuário;203.82;51;PROD100718
Jaqueta Jeans Feminina;Vestuário;17.49;4;PROD100719
Lego City Polícia 600 peças;Alimentos;651.0;55;PROD100720
Smartphone Galaxy S22;Alimentos;899.05;71;PROD100721
Chocolate Amargo 70% 100g;Vestuário;251.05;92;PROD100722
Livro 'O Pequeno Príncipe' Antoine de Saint-Exupéry;Brinquedos;927.76;28;PROD100723
Jaqueta Jeans Feminina;Eletrônicos;69.66;4;PROD100724
Livro 'A Arte da Guerra' Sun Tzu;Eletrônicos;935.09;22;PROD100725
Carrinho Controle Remoto;Brinquedos;358.11;76;PROD100726
Jogo de Tabuleiro Monopoly;Vestuário;110.41;45;PROD100727
Livro 'O Pequeno Príncipe' Antoine de Saint-Exupéry;Alimentos;491.01;67;PROD100728
Azeite de Oliva Extra Virgem 500ml;Eletrônicos;264.21;86;PROD100729
Livro 'Dom Casmurro' Machado de Assis;Livros;292.02;66;PROD100730
Boneca Barbie Astronauta;Livros;314.22;88;PROD100731
Café Gourmet Moído 500g;Brinquedos;805.0;34;PROD100732
Livro 'Dom Casmurro' Machado de Assis;Vestuário;543.77;91;PROD100733
Vestido Floral Verão;Eletrônicos;318.19;55;PROD100734
Camiseta Polo Azul;Vestuário;614.23;1;PROD100735
Notebook Asus Vivobook 15;Eletrônicos;718.99;72;PROD100736
Livro '1984' George Orwell;Brinquedos;279.9;87;PROD100737
Boneca Barbie Astronauta;Brinquedos;419.41;38;PROD100738
Livro '1984' George Orwell;Livros;130.67;6;PROD100739
Azeite de Oliva Extra Virgem 500ml;Vestuário;189.34;86;PROD100740
Livro 'O Pequeno Príncipe' Antoine de Saint-Exupéry;Livros;684.31;25;PROD100741
Boneca Barbie Astronauta;Vestuário;189.62;82;PROD100742
Vestido Floral Verão;Livros;529.91;17;PROD100743
Vestido Floral Verão;Alimentos;711.96;61;PROD100744
Camisa Social Branca;Alimentos;115.81;12;PROD100745
Jaqueta Jeans Feminina;Alimentos;571.64;6;PROD100746
Pacote de Arroz Integral 5kg;Alimentos;264.0;90;PROD100747
Livro 'Dom Casmurro' Machado de Assis;Eletrônicos;963.3;27;PROD100748
Camiseta Polo Azul;Alimentos;488.71;8;PROD100749
Pacote de Arroz Integral 5kg;Brinquedos;807.93;83;PROD100750
Relógio Inteligente SmartFit;Brinquedos;554.72;65;PROD100751
Camiseta Polo Azul;Eletrônicos;52.98;57;PROD100752
Livro 'Dom Casmurro' Machado de Assis;Alimentos;636.82;93;PROD100753
Notebook Asus Vivobook 15;Alimentos;951.89;99;PROD100754
Tablet ProTab 10';Alimentos;605.6;40;PROD100755
Jaqueta Jeans Feminina;Livros;821.0;14;PROD100756
Livro 'A Arte da Guerra' Sun Tzu;Vestuário;885.36;35;PROD100757
Notebook Asus Vivobook 15;Livros;235.8;48;PROD100758
Livro 'O Pequeno Príncipe' Antoine de Saint-Exupéry;Vestuário;219.92;84;PROD100759
Boneca Barbie Astronauta;Alimentos;614.87;56;PROD100760
Livro 'O Pequeno Príncipe' Antoine de Saint-Exupéry;Alimentos;416.92;49;PROD100761
Camisa Social Branca;Livros;841.46;13;PROD100762
Jogo de Tabuleiro Monopoly;Livros;901.02;61;PROD100763
Livro 'O Pequeno Príncipe' Antoine de Saint-Exupéry;Vestuário;359.89;49;PROD100764
Pacote de Arroz Integral 5kg;Brinquedos;244.5;46;PROD100765
Livro 'A Arte da Guerra' Sun Tzu;Vestuário;782.72;62;PROD100766
Camiseta Polo Azul;Livros;282.06;8;PROD100767
Camiseta Polo Azul;Livros;824.39;43;PROD100768
Pacote de Arroz Integral 5kg;Eletrônicos;429.5;20;PROD100769
Notebook Asus Vivobook 15;Livros;670.87;97;PROD100770
Livro 'A Arte da Guerra' Sun Tzu;Eletrônicos;104.58;90;PROD100771
Livro 'Dom Casmurro' Machado de Assis;Brinquedos;627.62;39;PROD100772
Boneca Barbie Astronauta;Vestuário;457.25;85;PROD100773
Smartphone Galaxy S22;Vestuário;590.74;49;PROD100774
Relógio Inteligente SmartFit;Eletrônicos;176.33;64;PROD100775
Notebook Asus Vivobook 15;Vestuário;739.51;62;PROD100776
Boneca Barbie Astronauta;Livros;864.17;54;PROD100777
Lego City Polícia 600 peças;Alimentos;224.57;9;PROD100778
Camiseta Polo Azul;Eletrônicos;104.76;88;PROD100779
Lego City Polícia 600 peças;Vestuário;33.4;37;PROD100780
Smartphone Galaxy S22;Eletrônicos;645.55;49;PROD100781
Jogo de Tabuleiro Monopoly;Eletrônicos;611.02;41;PROD100782
Livro 'Dom Casmurro' Machado de Assis;Alimentos;551.23;17;PROD100783
Livro 'A Arte da Guerra' Sun Tzu;Livros;239.63;88;PROD100784
Jogo de Tabuleiro Monopoly;Eletrônicos;397.0;21;PROD100785
Relógio Inteligente SmartFit;Vestuário;598.53;51;PROD100786
Lego City Polícia 600 peças;Brinquedos;501.8;59;PROD100787
Camiseta Polo Azul;Eletrônicos;987.91;39;PROD100788
Chocolate Amargo 70% 100g;Eletrônicos;145.08;55;PROD100789
Smartphone Galaxy S22;Alimentos;698.19;41;PROD100790
Vestido Floral Verão;Livros;410.28;39;PROD100791
Chocolate Amargo 70% 100g;Brinquedos;433.92;13;PROD100792
Lego City Polícia 600 peças;Vestuário;720.42;64;PROD100793
Jaqueta Jeans Feminina;Brinquedos;695.51;11;PROD100794
Vestido Floral Verão;Vestuário;991.34;19;PROD100795
Boneca Barbie Astronauta;Livros;137.11;11;PROD100796
Lego City Polícia 600 peças;Vestuário;113.07;77;PROD100797
Jogo de Tabuleiro Monopoly;Alimentos;727.1;46;PROD100798
Smartphone Galaxy S22;Alimentos;582.6;45;PROD100799
Livro 'Dom Casmurro' Machado de Assis;Alimentos;281.42;1;PROD100800
Lego City Polícia 600 peças;Alimentos;88.63;40;PROD100801
Boneca Barbie Astronauta;Brinquedos;94.8;19;PROD100802
Chocolate Amargo 70% 100g;Livros;895.25;76;PROD100803
Carrinho Controle Remoto;Vestuário;199.95;72;PROD100804
Livro 'Dom Casmurro' Machado de Assis;Vestuário;330.14;72;PROD100805
Notebook Asus Vivobook 15;Alimentos;234.39;61;PROD100806
Relógio Inteligente SmartFit;Alimentos;361.45;12;PROD100807
Notebook Asus Vivobook 15;Eletrônicos;78.73;61;PROD100808
Vestido Floral Verão;Livros;523.87;33;PROD100809
Livro 'Dom Casmurro' Machado de Assis;Brinquedos;76.94;45;PROD100810
Azeite de Oliva Extra Virgem 500ml;Vestuário;802.35;90;PROD100811
Azeite de Oliva Extra Virgem 500ml;Eletrônicos;241.37;92;PROD100812
Pacote de Arroz Integral 5kg;Eletrônicos;544.61;69;PROD100813
Livro 'O Pequeno Príncipe' Antoine de Saint-Exupéry;Vestuário;881.28;8;PROD100814
Livro 'A Arte da Guerra' Sun Tzu;Brinquedos;654.37;25;PROD100815
Livro 'A Arte da Guerra' Sun Tzu;Eletrônicos;537.63;91;PROD100816
Lego City Polícia 600 peças;Eletrônicos;331.09;46;PROD100817
Boneca Barbie Astronauta;Livros;339.67;87;PROD100818
Jogo de Tabuleiro Monopoly;Brinquedos;672.79;30;PROD100819
Vestido Floral Verão;Eletrônicos;994.2;47;PROD100820
Tablet ProTab 10';Brinquedos;665.22;87;PROD100821
Boneca Barbie Astronauta;Vestuário;562.21;49;PROD100822
Livro 'Dom Casmurro' Machado de Assis;Alimentos;733.34;47;PROD100823
Azeite de Oliva Extra Virgem 500ml;Eletrônicos;470.55;84;PROD100824
Livro 'O Pequeno Príncipe' Antoine de Saint-Exupéry;Livros;69.54;82;PROD100825
Chocolate Amargo 70% 100g;Vestuário;566.67;18;PROD100826
Café Gourmet Moído 500g;Brinquedos;958.05;66;PROD100827
Jaqueta Jeans Feminina;Vestuário;183.55;68;PROD100828
Vestido Floral Verão;Eletrônicos;693.1;94;PROD100829
Livro 'A Arte da Guerra' Sun Tzu;Brinquedos;208.92;33;PROD100830
Livro 'O Pequeno Príncipe' Antoine de Saint-Exupéry;Alimentos;540.47;36;PROD100831
Livro 'A Arte da Guerra' Sun Tzu;Vestuário;105.71;82;PROD100832
Smartphone Galaxy S22;Eletrônicos;455.87;19;PROD100833
Carrinho Controle Remoto;Livros;758.6;28;PROD100834
Livro '1984' George Orwell;Brinquedos;354.1;40;PROD100835
Tablet ProTab 10';Vestuário;668.26;84;PROD100836
Relógio Inteligente SmartFit;Vestuário;797.5;97;PROD100837
Camiseta Polo Azul;Alimentos;927.91;76;PROD100838
Café Gourmet Moído 500g;Alimentos;242.3;15;PROD100839
Tablet ProTab 10';Livros;405.32;41;PROD100840
Azeite de Oliva Extra Virgem 500ml;Livros;160.89;39;PROD100841
Pacote de Arroz Integral 5kg;Eletrônicos;992.56;2;PROD100842
Smartphone Galaxy S22;Eletrônicos;927.73;63;PROD100843
Tablet ProTab 10';Livros;544.56;29;PROD100844
Relógio Inteligente SmartFit;Livros;843.61;74;PROD100845
Azeite de Oliva Extra Virgem 500ml;Brinquedos;525.75;66;PROD100846
Relógio Inteligente SmartFit;Alimentos;627.35;51;PROD100847
Livro 'Dom Casmurro' Machado de Assis;Eletrônicos;98.23;75;PROD100848
Azeite de Oliva Extra Virgem 500ml;Alimentos;757.72;77;PROD100849
Notebook Asus Vivobook 15;Alimentos;136.44;10;PROD100850
Jogo de Tabuleiro Monopoly;Livros;827.81;14;PROD100851
Lego City Polícia 600 peças;Brinquedos;784.21;82;PROD100852
Chocolate Amargo 70% 100g;Vestuário;711.66;51;PROD100853
Carrinho Controle Remoto;Brinquedos;45.8;73;PROD100854
Pacote de Arroz Integral 5kg;Brinquedos;310.1;39;PROD100855
Livro 'Dom Casmurro' Machado de Assis;Alimentos;270.48;28;PROD100856
Notebook Asus Vivobook 15;Brinquedos;366.54;3;PROD100857
Smartphone Galaxy S22;Eletrônicos;96.77;84;PROD100858
Carrinho Controle Remoto;Alimentos;937.59;70;PROD100859
Café Gourmet Moído 500g;Eletrônicos;558.26;27;PROD100860
Jogo de Tabuleiro Monopoly;Vestuário;312.47;2;PROD100861
Carrinho Controle Remoto;Alimentos;403.01;93;PROD100862
Livro 'Dom Casmurro' Machado de Assis;Vestuário;452.73;38;PROD100863
Vestido Floral Verão;Alimentos;604.59;3;PROD100864
Boneca Barbie Astronauta;Livros;520.52;16;PROD100865
Notebook Asus Vivobook 15;Brinquedos;920.2;94;PROD100866
Tablet ProTab 10';Livros;501.99;40;PROD100867
Jaqueta Jeans Feminina;Vestuário;992.24;2;PROD100868
Vestido Floral Verão;Brinquedos;852.91;81;PROD100869
Smartphone Galaxy S22;Alimentos;216.43;41;PROD100870
Livro '1984' George Orwell;Brinquedos;931.29;12;PROD100871
Boneca Barbie Astronauta;Eletrônicos;125.2;35;PROD100872
Azeite de Oliva Extra Virgem 500ml;Brinquedos;819.28;65;PROD100873
Camiseta Polo Azul;Eletrônicos;386.82;55;PROD100874
Tablet ProTab 10';Brinquedos;879.19;45;PROD100875
Notebook Asus Vivobook 15;Eletrônicos;869.38;79;PROD100876
Café Gourmet Moído 500g;Vestuário;807.87;90;PROD100877
Lego City Polícia 600 peças;Livros;792.13;85;PROD100878
Azeite de Oliva Extra Virgem 500ml;Alimentos;311.63;62;PROD100879
Tablet ProTab 10';Brinquedos;90.11;49;PROD100880
Livro '1984' George Orwell;Livros;408.95;95;PROD100881
Livro 'A Arte da Guerra' Sun Tzu;Alimentos;181.79;25;PROD100882
Azeite de Oliva Extra Virgem 500ml;Alimentos;698.0;23;PROD100883
Camiseta Polo Azul;Eletrônicos;352.64;24;PROD100884
Tablet ProTab 10';Vestuário;975.85;38;PROD100885
Chocolate Amargo 70% 100g;Vestuário;644.56;28;PROD100886
Lego City Polícia 600 peças;Livros;824.26;21;PROD100887
Jaqueta Jeans Feminina;Vestuário;141.2;54;PROD100888
Tablet ProTab 10';Brinquedos;863.39;18;PROD100889
Lego City Polícia 600 peças;Vestuário;923.53;36;PROD100890
Livro 'A Arte da Guerra' Sun Tzu;Livros;492.19;99;PROD100891
Smartphone Galaxy S22;Vestuário;610.19;45;PROD100892
Pacote de Arroz Integral 5kg;Brinquedos;767.16;73;PROD100893
Carrinho Controle Remoto;Eletrônicos;183.09;53;PROD100894
Notebook Asus Vivobook 15;Livros;507.54;30;PROD100895
Azeite de Oliva Extra Virgem 500ml;Eletrônicos;404.68;60;PROD100896
Smartphone Galaxy S22;Eletrônicos;154.91;98;PROD100897
Notebook Asus Vivobook 15;Eletrônicos;373.86;32;PROD100898
Notebook Asus Vivobook 15;Alimentos;77.49;67;PROD100899
Relógio Inteligente SmartFit;Alimentos;35.55;67;PROD100900
Livro '1984' George Orwell;Eletrônicos;143.81;28;PROD100901
Vestido Floral Verão;Livros;963.48;44;PROD100902
Livro 'Dom Casmurro' Machado de Assis;Brinquedos;554.03;79;PROD100903
Azeite de Oliva Extra Virgem 500ml;Brinquedos;966.16;41;PROD100904
Jaqueta Jeans Feminina;Vestuário;438.17;63;PROD100905
Pacote de Arroz Integral 5kg;Livros;318.7;23;PROD100906
Chocolate Amargo 70% 100g;Alimentos;511.08;75;PROD100907
Livro 'A Arte da Guerra' Sun Tzu;Eletrônicos;445.12;48;PROD100908
Livro 'O Pequeno Príncipe' Antoine de Saint-Exupéry;Vestuário;114.61;32;PROD100909
Jogo de Tabuleiro Monopoly;Brinquedos;644.42;57;PROD100910
Pacote de Arroz Integral 5kg;Alimentos;223.88;33;PROD100911
Lego City Polícia 600 peças;Alimentos;623.39;24;PROD100912
Livro '1984' George Orwell;Eletrônicos;653.7;39;PROD100913
Smartphone Galaxy S22;Brinquedos;160.5;34;PROD100914
Lego City Polícia 600 peças;Livros;70.74;56;PROD100915
Camisa Social Branca;Alimentos;782.95;28;PROD100916
Livro 'Dom Casmurro' Machado de Assis;Eletrônicos;465.2;37;PROD100917
Livro 'O Pequeno Príncipe' Antoine de Saint-Exupéry;Livros;67.58;7;PROD100918
Chocolate Amargo 70% 100g;Brinquedos;994.92;68;PROD100919
Carrinho Controle Remoto;Alimentos;67.2;37;PROD100920
Livro '1984' George Orwell;Livros;698.08;56;PROD100921
Lego City Polícia 600 peças;Livros;983.84;65;PROD100922
Carrinho Controle Remoto;Livros;246.79;65;PROD100923
Livro 'Dom Casmurro' Machado de Assis;Alimentos;150.83;47;PROD100924
Vestido Floral Verão;Alimentos;130.17;20;PROD100925
Livro 'Dom Casmurro' Machado de Assis;Vestuário;310.24;19;PROD100926
Jaqueta Jeans Feminina;Brinquedos;110.04;29;PROD100927
Relógio Inteligente SmartFit;Eletrônicos;695.24;74;PROD100928
Smartphone Galaxy S22;Livros;71.67;60;PROD100929
Vestido Floral Verão;Vestuário;514.33;18;PROD100930
Boneca Barbie Astronauta;Eletrônicos;996.73;92;PROD100931
Notebook Asus Vivobook 15;Vestuário;815.83;35;PROD100932
Jogo de Tabuleiro Monopoly;Alimentos;619.07;43;PROD100933
Chocolate Amargo 70% 100g;Livros;313.19;95;PROD100934
Pacote de Arroz Integral 5kg;Eletrônicos;627.66;91;PROD100935
Jaqueta Jeans Feminina;Eletrônicos;531.77;11;PROD100936
Boneca Barbie Astronauta;Eletrônicos;431.82;49;PROD100937
Livro '1984' George Orwell;Eletrônicos;139.4;38;PROD100938
Livro 'Dom Casmurro' Machado de Assis;Eletrônicos;887.74;64;PROD100939
Vestido Floral Verão;Vestuário;455.29;69;PROD100940
Camisa Social Branca;Livros;202.68;8;PROD100941
Relógio Inteligente SmartFit;Alimentos;374.08;34;PROD100942
Pacote de Arroz Integral 5kg;Alimentos;419.99;48;PROD100943
Boneca Barbie Astronauta;Alimentos;829.26;56;PROD100944
Livro 'A Arte da Guerra' Sun Tzu;Alimentos;736.28;76;PROD100945
Livro '1984' George Orwell;Vestuário;771.61;65;PROD100946
Chocolate Amargo 70% 100g;Brinquedos;20.92;31;PROD100947
Carrinho Controle Remoto;Livros;421.99;4;PROD100948
Livro 'O Pequeno Príncipe' Antoine de Saint-Exupéry;Eletrônicos;486.53;50;PROD100949
Livro 'A Arte da Guerra' Sun Tzu;Brinquedos;29.0;69;PROD100950
Relógio Inteligente SmartFit;Alimentos;267.22;30;PROD100951
Chocolate Amargo 70% 100g;Brinquedos;762.69;88;PROD100952
Vestido Floral Verão;Livros;145.74;59;PROD100953
Café Gourmet Moído 500g;Eletrônicos;539.96;67;PROD100954
Camiseta Polo Azul;Eletrônicos;223.05;75;PROD100955
Livro '1984' George Orwell;Livros;22.0;45;PROD100956
Notebook Asus Vivobook 15;Livros;248.79;4;PROD100957
Camisa Social Branca;Alimentos;976.12;26;PROD100958
Azeite de Oliva Extra Virgem 500ml;Eletrônicos;803.52;27;PROD100959
Smartphone Galaxy S22;Brinquedos;959.98;46;PROD100960
Vestido Floral Verão;Vestuário;492.98;64;PROD100961
Tablet ProTab 10';Vestuário;118.64;91;PROD100962
Livro 'Dom Casmurro' Machado de Assis;Livros;552.48;51;PROD100963
Jogo de Tabuleiro Monopoly;Alimentos;459.83;50;PROD100964
Carrinho Controle Remoto;Vestuário;845.91;6;PROD100965
Livro 'Dom Casmurro' Machado de Assis;Eletrônicos;107.1;59;PROD100966
Livro 'A Arte da Guerra' Sun Tzu;Livros;493.36;15;PROD100967
Jogo de Tabuleiro Monopoly;Brinquedos;158.55;30;PROD100968
Lego City Polícia 600 peças;Livros;331.43;42;PROD100969
Camiseta Polo Azul;Brinquedos;739.98;37;PROD100970
Boneca Barbie Astronauta;Livros;481.26;42;PROD100971
Livro 'Dom Casmurro' Machado de Assis;Livros;382.13;35;PROD100972
Tablet ProTab 10';Livros;400.53;87;PROD100973
Carrinho Controle Remoto;Brinquedos;464.85;6;PROD100974
Jaqueta Jeans Feminina;Brinquedos;787.17;68;PROD100975
Livro 'A Arte da Guerra' Sun Tzu;Livros;893.16;18;PROD100976
Jogo de Tabuleiro Monopoly;Vestuário;955.78;73;PROD100977
Livro 'A Arte da Guerra' Sun Tzu;Alimentos;789.03;29;PROD100978
Café Gourmet Moído 500g;Alimentos;322.25;77;PROD100979
Tablet ProTab 10';Alimentos;691.25;59;PROD100980
Boneca Barbie Astronauta;Brinquedos;443.23;47;PROD100981
Livro 'A Arte da Guerra' Sun Tzu;Brinquedos;262.12;17;PROD100982
Smartphone Galaxy S22;Vestuário;842.46;96;PROD100983
Smartphone Galaxy S22;Alimentos;48.04;22;PROD100984
Jogo de Tabuleiro Monopoly;Alimentos;902.74;68;PROD100985
Pacote de Arroz Integral 5kg;Livros;466.86;69;PROD100986
Livro 'Dom Casmurro' Machado de Assis;Brinquedos;640.83;37;PROD100987
Café Gourmet Moído 500g;Alimentos;662.76;49;PROD100988
Livro 'A Arte da Guerra' Sun Tzu;Vestuário;896.17;13;PROD100989
Livro 'Dom Casmurro' Machado de Assis;Vestuário;640.3;34;PROD100990
Smartphone Galaxy S22;Alimentos;617.79;86;PROD100991
Azeite de Oliva Extra Virgem 500ml;Brinquedos;75.99;53;PROD100992
Camiseta Polo Azul;Vestuário;523.22;87;PROD100993
Jogo de Tabuleiro Monopoly;Livros;158.67;51;PROD100994
Chocolate Amargo 70% 100g;Vestuário;740.06;3;PROD100995
Smartphone Galaxy S22;Eletrônicos;517.1;42;PROD100996
Camiseta Polo Azul;Eletrônicos;683.43;98;PROD100997
Relógio Inteligente SmartFit;Brinquedos;51.26;32;PROD100998
Livro 'A Arte da Guerra' Sun Tzu;Alimentos;93.94;51;PROD100999
